1,PHẦN I,ĐỘNG VẬT SỐNG; CÁC SẢN PHẨM TỪ ĐỘNG VẬT,"1. Trong phần này, khi đề cập đến một giống hoặc một loài động vật, trừ khi có yêu cầu khác, cần phải kể đến cả giống hoặc loài động vật đó còn non.
2. Trừ khi có yêu cầu khác, trong toàn bộ Danh mục này bất cứ đề cập nào liên quan đến các sản phẩm ""được làm khô"" cũng bao gồm các sản phẩm được khử nước, làm bay hơi hoặc làm khô bằng đông lạnh.",SECTION I,LIVE ANIMALS; ANIMAL PRODUCTS,"1. Any reference in this Section to a particular genus or species of an animal, except where the context otherwise requires, includes a reference to the young of that genus or species. 
2. Except where the context otherwise requires, throughout the Nomenclature any reference to “dried” products also covers products which have been dehydrated, evaporated or freeze-dried."
2,PHẦN II,CÁC SẢN PHẨM THỰC VẬT,"1. Trong Phần này khái niệm “bột viên” có nghĩa là những sản phẩm được liên kết bằng cách nén trực tiếp hoặc thêm chất dính với hàm lượng không quá 3% tính theo trọng lượng.
",SECTION II,VEGETABLE PRODUCTS,1. In this Section the term “pellets” means products which have been agglomerated either directly by compression or by the addition of a binder in a proportion not exceeding 3% by weight.
3,PHẦN III,MỠ VÀ DẦU ĐỘNG VẬT HOẶC THỰC VẬT VÀ CÁC SẢN PHẨM TÁCH TỪ CHÚNG; MỠ ĂN ĐƯỢC ĐÃ CHẾ BIẾN; CÁC LOẠI SÁP ĐỘNG VẬT HOẶC THỰC VẬT.,,SECTION III,ANIMAL OR VEGETABLE FATS AND OILS AND THEIR CLEAVAGE PRODUCTS; PREPARED EDIBLE FATS; ANIMAL OR VEGETABLE WAXES.,
4,PHẦN IV,"THỰC PHẨM CHẾ BIẾN; ĐỒ UỐNG, RƯỢU MẠNH VÀ GIẤM; THUỐC LÁ VÀ CÁC LOẠI NGUYÊN LIỆU THAY THẾ THUỐC LÁ ĐÃ CHẾ BIẾN","1. Trong Phần này khái niệm ""bột viên"" (pellets) chỉ các sản phẩm được liên kết bằng phương pháp ép trực tiếp hay bằng cách pha thêm chất kết dính theo tỷ lệ không quá 3% tính theo trọng lượng.",SECTION IV,"PREPARED FOODSTUFFS; BEVERAGES, SPIRITS AND VINEGAR; TOBACCO AND MANUFACTURED TOBACCO SUBSTITUTE",1. In this Section the term “pellets” means products which have been agglomerated either directly by compression or by the addition of a binder in a proportion not exceeding 3% by weight.
5,PHẦN V,KHOÁNG SẢN,,SECTION V,MINERAL PRODUCTS,
6,PHẦN VI,SẢN PHẨM CỦA NGÀNH CÔNG NGHIỆP HOÁ CHẤT HOẶC CÁC NGÀNH CÔNG NGHIỆP LIÊN QUAN,"1. (A) Các mặt hàng (trừ quặng phóng xạ) đáp ứng các mô tả trong nhóm 28.44 hoặc 28.45 phải được xếp vào các nhóm đó và không được đưa vào nhóm nào khác của Danh mục.  
   (B) Theo Chú giải mục (A) trên, các mặt hàng đáp ứng các mô tả trong nhóm 28.43, 28.46 hoặc 28.52 được xếp vào các nhóm đó và không được đưa vào nhóm nào khác của Phần này.  
2. Theo Chú giải 1 ở trên, các mặt hàng xếp vào các nhóm 30.04, 30.05, 30.06, 32.12, 33.03, 33.04, 33.05, 33.06, 33.07, 35.06, 37.07 hoặc 38.08 vì đã được đóng gói theo liều lượng hoặc đóng gói để bán lẻ được xếp vào các nhóm đó và không xếp vào bất cứ nhóm nào khác của Danh mục.  
3. Các mặt hàng đóng gói thành bộ gồm từ hai hoặc nhiều phần cấu thành riêng biệt, trong đó một vài hay tất cả các phần cấu thành của các mặt hàng đó nằm trong Phần này và chúng được trộn với nhau để tạo ra một sản phẩm của Phần VI hay VII, phải được xếp vào nhóm phù hợp với sản phẩm đó, với điều kiện là các chất cấu thành phải:  
 (a) theo cách thức đóng gói của chúng cho thấy rõ ràng là chúng được sử dụng cùng nhau mà không cần phải đóng gói lại;  
 (b) được trình bày đi kèm cùng với nhau; và  
 (c) có thể nhận biết là chúng nhằm bổ sung cho nhau, thông qua bản chất hoặc tỷ lệ tương ứng của chúng trong sản phẩm.  
",SECTION VI,PRODUCTS OF THE CHEMICAL OR ALLIED INDUSTRIES,"1. (A) Goods (other than radioactive ores) answering to a description in heading 28.44 or 28.45 are to be classified in those headings and in no other heading of the Nomenclature.  
   (B) Subject to paragraph (A) above, goods answering to a description in heading 28.43, 28.46 or 28.52 are to be classified in those headings and in no other heading of this Section.  
2. Subject to Note 1 above, goods classifiable in headings 30.04, 30.05, 30.06, 32.12, 33.03, 33.04, 33.05, 33.06, 33.07, 35.06, 37.07 or 38.08 by reason of being put up in measured doses or for retail sale are to be classified in those headings and in no other heading of the Nomenclature.  
3. Goods put up in sets consisting of two or more separate constituents, some or all of which fall in this Section and are intended to be mixed together to obtain a product of Section VI or VII, are to be classified in the heading appropriate to that product, provided that the constituents are:  
(a) having regard to the manner in which they are put up, clearly identifiable as being intended to be used together without first being repacked;  
(b) presented together; and  
(c) identifiable, whether by their nature or by the relative proportions in which they are present, as being complementary one to another.  
"
7,PHẦN VII,PLASTIC VÀ CÁC SẢN PHẨM BẰNG PLASTIC; CAO SU VÀ CÁC SẢN PHẨM BẰNG CAO SU,"1. Các mặt hàng xếp thành bộ từ hai hay nhiều phần cấu thành riêng biệt, trong đó một số hoặc tất cả các phần cấu thành của các mặt hàng nằm trong Phần này được trộn với nhau để tạo ra một sản phẩm của Phần VI hay VII, phải được xếp vào nhóm phù hợp với sản phẩm đó, với điều kiện các phần cấu thành đó thoả mãn:  
(a) theo cách thức đóng gói của chúng cho thấy rõ ràng là chúng được sử dụng cùng nhau mà không cần phải đóng gói lại;  
(b) được đi kèm cùng với nhau; và  
(c) có thể nhận biết, thông qua tính chất hoặc tỷ lệ tương đối mà các phần cấu thành tạo nên, bổ sung cho nhau.  
2. Trừ những mặt hàng trong nhóm 39.18 hoặc 39.19, plastic, cao su và các sản phẩm của chúng, đã in hoa văn, các ký tự hoặc biểu tượng tranh ảnh, mà không chỉ đơn thuần phục vụ cho công dụng chính của sản phẩm đó, được xếp vào Chương 49.  
",SECTION VII,PLASTICS AND ARTICLES THEREOF; RUBBER AND ARTICLES THEREOF,"1. Goods put up in sets consisting of two or more separate constituents, some or all of which fall in this Section and are intended to be mixed together to obtain a product of Section VI or VII, are to be classified in the heading appropriate to that product, provided that the constituents are:  
(a) having regard to the manner in which they are put up, clearly identifiable as being intended to be used together without first being repacked;  
(b) presented together; and  
(c) identifiable, whether by their nature or by the relative proportions in which they are present, as being complementary one to another.  
2. Except for the goods of heading 39.18 or 39.19, plastics, rubber, and articles thereof, printed with motifs, characters or pictorial representations, which are not merely incidental to the primary use of the goods, fall in Chapter 49.  
"
8,PHẦN VIII,"DA SỐNG, DA THUỘC, DA LÔNG VÀ CÁC SẢN PHẨM TỪ DA; BỘ ĐỒ YÊN CƯƠNG, HÀNG DU LỊCH, TÚI XÁCH TAY VÀ CÁC LOẠI ĐỒ CHỨA TƯƠNG TỰ CÁC MẶT HÀNG TỪ RUỘT ĐỘNG VẬT (TRỪ TƠ TỪ RUỘT CON TẰM)",,SECTION VIII,"RAW HIDES AND SKINS, LEATHER, FURSKINS AND ARTICLES THEREOF; SADDLERY AND HARNESS; TRAVEL GOODS, HANDBAGS AND SIMILAR CONTAINERS; ARTICLES OF ANIMAL GUT (OTHER THAN SILK-WORM GUT)",
9,PHẦN IX,"GỖ VÀ CÁC MẶT HÀNG BẰNG GỖ; THAN TỪ GỖ; LIE VÀ CÁC SẢN PHẨM BẰNG LIE; CÁC SẢN PHẨM TỪ RƠM, CỎ GIẤY HOẶC CÁC VẬT LIỆU TẾT BỆN KHÁC; CÁC SẢN PHẨM BẰNG LIỄU GAI VÀ SONG MÂY",,SECTION IX,"WOOD AND ARTICLES OF WOOD; WOOD CHARCOAL; CORK AND ARTICLES OF CORK; MANUFACTURES OF STRAW, OF ESPARTO OR OF OTHER PLAITING MATERIALS; BASKETWARE AND WICKERWORK",
10,PHẦN X,BỘT GIẤY TỪ GỖ HOẶC TỪ NGUYÊN LIỆU XƠ SỢI XENLULO KHÁC; GIẤY LOẠI  HOẶC BÌA LOẠI THU HỒI (PHẾ LIỆU VÀ VỤN THỪA) GIẤY VÀ BÌA VÀ CÁC SẢN PHẨM CỦA CHÚNG,,SECTION X,PULP OF WOOD OR OF OTHER FIBROUS CELLULOSIC MATERIAL; RECOVERED (WASTE AND SCRAP) PAPER OR PAPERBOARD; PAPER AND PAPERBOARD AND ARTICLES THEREOF,
11,PHẦN XI,NGUYÊN LIỆU DỆT VÀ CÁC SẢN PHẨM DỆT,"1. Phần này không bao gồm:  
(a) Lông cứng hoặc lông động vật dùng làm bàn chải (nhóm 05.02); lông đuôi hoặc bờm ngựa hoặc phế liệu lông đuôi hoặc bờm ngựa (nhóm 05.11);  
(b) Tóc hoặc các sản phẩm bằng tóc (nhóm 05.01, 67.03 hoặc 67.04), trừ vải lọc dùng trong công nghệ ép dầu hoặc tương tự (nhóm 59.11);  
(c) Xơ nhung tách từ hạt bông hoặc các vật liệu thực vật khác thuộc Chương 14;  
(d) Amiăng (asbestos) thuộc nhóm 25.24 hoặc các sản phẩm từ amiăng hoặc các sản phẩm khác thuộc nhóm 68.12 hoặc 68.13;  
(e) Các sản phẩm thuộc nhóm 30.05 hoặc 30.06; chỉ tơ nha khoa, đóng gói để bán lẻ, thuộc nhóm 33.06;  
(f) Các loại vải dệt có phủ lớp chất nhạy thuộc các nhóm từ 37.01 đến 37.04;  
(g) Sợi monofilament có kích thước mặt cắt ngang bất kỳ trên 1 mm hoặc sợi dạng dải hoặc các dạng tương tự (ví dụ, rơm nhân tạo) có chiều rộng biểu kiến trên 5 mm, bằng plastic (Chương 39), hoặc các loại dây tết bện hoặc vải hoặc sản phẩm dạng song mây tre đan khác hoặc liễu gai làm bằng sợi monofilament hoặc sợi dạng dải đó (Chương 46);  
(h) Các loại vải dệt thoi, dệt kim hoặc móc, phớt hoặc sản phẩm không dệt, đã ngâm tẩm, tráng, phủ hoặc ép với plastic, hoặc các sản phẩm làm từ các vật liệu đó, thuộc Chương 39;  
(ij) Các loại vải dệt thoi, dệt kim hoặc móc, phớt hoặc sản phẩm không dệt, đã ngâm tẩm, tráng, phủ hoặc ép với cao su, hoặc các sản phẩm làm từ các vật liệu đó, thuộc Chương 40;  
(k) Da sống còn lông (Chương 41 hoặc 43) hoặc sản phẩm da lông, da lông nhân tạo hoặc các sản phẩm làm bằng các vật liệu đó, thuộc nhóm 43.03 hoặc 43.04;  
(l) Các loại hàng hoá làm bằng vật liệu dệt thuộc nhóm 42.01 hoặc 42.02;  
(m) Các sản phẩm hoặc hàng hoá thuộc Chương 48 (ví dụ, mền xơ xenlulo);  
(n) Giày dép hoặc các bộ phận của giày dép, ghệt hoặc xà cạp (legging) hoặc các mặt hàng tương tự thuộc Chương 64;  
(o) Lưới tóc hoặc các vật đội đầu khác hoặc các bộ phận của chúng thuộc Chương 65;  
(p) Hàng hoá thuộc Chương 67;  
(q) Vật liệu dệt đã phủ bột mài (nhóm 68.05) và sợi carbon hoặc các sản phẩm bằng sợi carbon thuộc nhóm 68.15;  
(r) Sợi thuỷ tinh hoặc các sản phẩm bằng sợi thuỷ tinh, trừ hàng thêu bằng chỉ thuỷ tinh trên vải lộ nền (Chương 70);  
(s) Hàng hoá thuộc Chương 94 (ví dụ, đồ nội thất, bộ đồ giường, đèn và bộ đèn);  
(t) Hàng hoá thuộc Chương 95 (ví dụ, đồ chơi, thiết bị trò chơi, dụng cụ thể thao và lưới);  
(u) Hàng hoá thuộc Chương 96 (ví dụ, bàn chải, bộ đồ khâu du lịch, khoá kéo và ruy băng máy chữ, băng (miếng) và nút bông vệ sinh, khăn và tã lót (bỉm) cho trẻ sơ sinh; hoặc  
(v) Hàng hoá thuộc Chương 97.   
2. (A) Hàng hoá có thể phân loại vào các Chương từ 50 đến 55 hoặc các nhóm 58.09 hoặc 59.02 và được làm từ hỗn hợp của hai hay nhiều loại vật liệu dệt được phân loại như nó được làm duy nhất bằng một loại vật liệu dệt chiếm tỷ trọng trội hơn bất kỳ loại vật liệu dệt đơn nào khác.  
Khi không có một vật liệu dệt nào chiếm tỷ trọng trội hơn, hàng hoá sẽ được phân loại xem như nó được làm toàn bộ từ một vật liệu dệt của nhóm có thứ tự cuối cùng trong số các nhóm tương đương cùng đưa ra xem xét.  
(B) Qui tắc trên được hiểu là:  
(a) Sợi quấn từ lông đuôi và bờm ngựa (nhóm 51.10) và sợi trộn kim loại (nhóm 56.05) được phân loại như một loại vật liệu dệt có trọng lượng bằng tổng trọng lượng của các thành phần của nó; để phân loại vải dệt thoi, sợi kim loại được coi như là một vật liệu dệt;  
(b) Để chọn nhóm thích hợp trước tiên phải lựa chọn Chương phù hợp và sau đó lựa chọn nhóm thích hợp trong Chương đó, kể cả trong thành phần hàng hóa không có loại vật liệu không thuộc Chương này;  
(c) Khi cả hai Chương 54 và 55 đều liên quan đến một Chương khác, thì Chương 54 và 55 được xem như một Chương;  
(d) Trường hợp một Chương hoặc một nhóm có các hàng hoá làm bằng vật liệu dệt khác nhau, các vật liệu dệt này được xem như một loại vật liệu đồng nhất.  
(C) Các nguyên tắc của phần (A) và (B) trên đây cũng áp dụng cho các loại sợi nêu trong Chú giải 3, 4, 5 hoặc 6 dưới đây.  
3.(A) Theo mục đích của Phần này, và những nội dung loại trừ trong phần (B) tiếp theo, các loại sợi (đơn, xe hoặc cáp) mô tả dưới đây sẽ được xem như ""sợi xe, chão bện (cordage), thừng và cáp"":  
(a) Từ tơ tằm hoặc phế liệu tơ tằm, độ mảnh trên 20.000 decitex;  
(b) Từ các xơ nhân tạo (kể cả sợi từ 2 hoặc nhiều sợi monofilament thuộc Chương 54), độ mảnh trên 10.000 decitex;  
(c) Từ gai dầu hoặc lanh:  
(i) Đã chuốt hoặc làm bóng, độ mảnh 1.429 decitex trở lên; hoặc  
(ii) Chưa chuốt hoặc chưa làm bóng, độ mảnh trên 20.000 decitex;  
(d) Từ xơ dừa, chập 3 hoặc nhiều hơn;  
(e) Từ xơ thực vật khác, độ mảnh trên 20.000 decitex; hoặc  
(f) Được tăng cường bằng chỉ kim loại  
(B) Một số loại trừ:  
(a) Sợi bằng lông cừu hoặc lông động vật khác và bằng sợi giấy, trừ sợi được tăng cường bằng chỉ kim loại;  
(b) Bó sợi filament nhân tạo cắt ngắn thuộc Chương 55 và sợi multifilament không xoắn hoặc xoắn dưới 5 vòng xoắn trên mét thuộc Chương 54;  
(c) Đoạn tơ từ ruột con tằm thuộc nhóm 50.06, và các sợi monofilament thuộc Chương 54;  
(d) Sợi trộn kim loại thuộc nhóm 56.05; sợi được tăng cường bằng chỉ kim loại đã nêu trong thuộc Phần (A) (f) trên; và  
(e) Sợi sơnin, sợi quấn và sợi sùi vòng thuộc nhóm 56.06.  
4.(A) Theo với mục đích của các Chương 50, 51, 52, 54 và 55, khái niệm sợi ""đóng gói để bán lẻ"" có nghĩa là, lưu ý xem xét cả những loại trừ trong Phần (B) dưới đây, sợi (đơn, xe hoặc cáp) đóng gói ở các dạng:  
(a) Trên bìa, guồng gờ, ống tuýp hoặc cuộn có lõi tương tự, với trọng lượng (kể cả lõi) không quá:  
(i) 85 g đối với tơ tằm, phế liệu tơ tằm hoặc sợi filament nhân tạo; hoặc  
(ii) 125 g đối với các loại sợi khác;  
(b) Dạng hình cầu, con sợi hoặc cuộn sợi với trọng lượng không quá:  
(i) 85 g đối với sợi filament nhân tạo độ mảnh dưới 3.000 decitex, tơ tằm hoặc phế liệu tơ tằm;  
(ii) 125g đối với các loại sợi khác có độ mảnh dưới 2.000 decitex; hoặc  
(iii) 500g đối với các loại sợi khác.  
(c) Dạng con sợi hoặc cuộn sợi gồm các con sợi hoặc cuộn sợi nhỏ hơn được phân cách nhau bởi các đường chỉ làm cho chúng độc lập với nhau, mỗi con sợi hoặc cuộn sợi nhỏ có trọng lượng đồng nhất không quá:  
(i) 85g đối với tơ tằm, phế liệu tơ tằm hoặc sợi filament nhân tạo; hoặc  
(ii) 125g đối với các loại sợi khác.  
(B) Loại trừ:  
(a) Sợi đơn bằng nguyên liệu dệt bất kỳ, trừ:  
(i) Sợi đơn bằng lông cừu hoặc lông động vật loại mịn, chưa tẩy trắng; và  
(ii) Sợi đơn bằng lông cừu hoặc lông động vật loại mịn, đã tẩy trắng, nhuộm hoặc đã in, độ mảnh trên 5.000 decitex;  
(b) Sợi xe hoặc sợi cáp, chưa tẩy trắng:  
(i) Bằng tơ tằm hoặc phế liệu tơ tằm, đã đóng gói; hoặc  
(ii) Bằng nguyên liệu dệt khác trừ lông cừu hoặc lông động vật loại mịn, ở dạng con sợi hoặc cuộn sợi;  
(c) Sợi xe hoặc sợi cáp bằng tơ tằm hoặc phế liệu tơ tằm, đã tẩy trắng, nhuộm hoặc in, độ mảnh từ 133 decitex trở xuống; và  
(d) Sợi đơn, sợi xe hoặc sợi cáp bằng nguyên liệu dệt bất kỳ:  
(i) Ở dạng con sợi hoặc cuộn sợi được guồng chéo; hoặc  
(ii) Cuộn trên lõi hoặc cuộn cách khác chỉ ra sử dụng của nó trong công nghiệp dệt (ví dụ, cuộn trên ống sợi con, ống sợi xe, suốt ngang, bobin côn hoặc cọc sợi, hoặc cuốn theo dạng kén tằm dùng cho các máy thêu).  
5. Theo mục đích của các nhóm 52.04, 54.01 và 55.08, khái niệm ""chỉ khâu"" có nghĩa là loại sợi xe hoặc sợi cáp:  
(a) Cuộn trên lõi (ví dụ, guồng gờ, ống tuýp) trọng lượng không quá 1.000g (kể cả lõi);  
(b) Đã hoàn tất để sử dụng làm chỉ khâu; và   
(c) Có xoắn ""Z"" cuối cùng.  
6. Theo mục đích của Phần này, khái niệm ""sợi có độ bền cao"" có nghĩa là loại sợi có độ bền tương đối đo bằng cN/tex (xen ti newton một tex), lớn hơn các tiêu chuẩn sau đây:  
Sợi đơn bằng ni lông hoặc các polyamit khác, hoặc bằng polyeste.60cN/tex  
Sợi xe (folded) hoặc sợi cáp bằng ni lông hoặc các polyamit khác, hoặc bằng polyeste.53 cN/tex   
Sợi đơn, sợi xe (folded) hoặc sợi cáp bằng visco rayon.27 cN/tex  
7. Theo mục đích của Phần này, khái niệm ""hoàn thiện"" nghĩa là:  
(a) Đã cắt thành hình trừ hình vuông hoặc hình chữ nhật;  
(b) Sản phẩm đã hoàn tất, sẵn sàng để sử dụng (hoặc chỉ cần tách ra bằng cách cắt các đường chỉ phân chia) mà không cần phải khâu, may hoặc gia công thêm (ví dụ, khăn lau, khăn bông, khăn trải bàn, khăn vuông, mền chăn);  
(c) Cắt theo cỡ và có ít nhất một cạnh được làm kín bằng nhiệt mà đường viền được nén hoặc vuốt thon nhận ra dễ dàng và các cạnh khác được xử lý như đã mô tả trong phần khác bất kỳ của chú giải này, nhưng trừ các vải có các mép  đã được làm cho khỏi sổ bằng cách cắt nóng hoặc bằng các phương pháp đơn giản khác;  
(d) Đã viền lại hoặc cuộn mép, hoặc thắt nút tại bất kỳ mép nào nhưng trừ các loại vải có các mép cắt được làm cho khỏi sổ bằng cách khâu vắt hoặc các cách đơn giản khác;  
(e) Cắt theo cỡ và đã trải qua công đoạn gia công rút chỉ;  
(f) Đã ghép bằng cách khâu, may, dán dính hoặc cách khác (trừ loại hàng dệt tấm gồm ít nhất hai tấm có chất liệu dệt tương tự được ghép nối đuôi nhau và những tấm làm từ ít nhất hai loại vật liệu dệt được ghép thành lớp, có hoặc không có đệm);  
(g) Đan hoặc móc thành các hình dạng, hoặc trình bày ở dạng các chi tiết riêng biệt hoặc ở dạng một số các chi tiết gắn thành một dải.  
8. Theo mục đích của các Chương từ 50 đến 60:  
(a) Các Chương từ 50 đến 55 và Chương 60 và, trừ khi có yêu cầu khác, các Chương từ 56 đến 59, không áp dụng cho hàng hoá hoàn thiện đã nêu tại mục 7 trên đây; và  
(b) Các Chương từ 50 đến 55 và Chương 60 không áp dụng cho các hàng hoá của các Chương từ 56 đến 59.  
9. Vải dệt thoi thuộc các Chương từ 50 đến 55 kể cả các loại vải có các lớp sợi dệt song song được đan đặt lên nhau theo góc nhọn hoặc góc vuông. Những lớp này được gắn tại các giao điểm của sợi bằng các chất dính hoặc liên kết bằng nhiệt.  
10. Sản phẩm có tính đàn hồi bằng những vật liệu dệt kết hợp với sợi cao su cũng được phân loại trong Phần này.  
11. Theo mục đích của Phần này, khái niệm ""đã ngâm tẩm"" kể cả ""đã nhúng"".  
12. Theo mục đích của Phần này, khái niệm ""polyamit"" gồm cả ""aramit"".  
13. Theo mục đích của Phần này và, cũng như một số trường hợp thuộc Danh mục này, khái niệm “sợi đàn hồi” có nghĩa là sợi filament, kể cả monofilament, bằng chất liệu dệt tổng hợp, trừ sợi dún, không bị đứt khi bị kéo dãn ra gấp ba lần độ dài ban đầu và  khi kéo dãn ra gấp hai lần độ dài ban đầu  trong thời gian năm phút sẽ co lại còn độ dài không lớn hơn 1,5 lần độ dài ban đầu.  
14. Trừ khi có quy định khác, hàng dệt may sẵn thuộc các nhóm khác nhau phải được phân loại theo các nhóm phù hợp của từng loại ngay cả khi sắp xếp theo bộ để bán lẻ. Theo mục đích của Chú giải này, khái niệm ""hàng dệt may sẵn"" nghĩa là các hàng hoá của các nhóm từ 61.01 đến 61.14 và từ 62.01 đến 62.11.  
Chú giải Phân nhóm.  
1. Trong Phần này cũng như những Phần khác của Danh mục, các khái niệm dưới đây có ý nghĩa là:  
(a) Sợi chưa tẩy trắng  
 Là loại sợi:  
(i) có màu tự nhiên của các loại xơ gốc và chưa tẩy trắng, nhuộm (cả khối hoặc không) hoặc in; hoặc  
(ii) có màu không xác định được (""sợi xám""), được sản xuất từ nguyên liệu tái sinh.  
Loại sợi này có thể được xử lý bằng cách hồ không màu hoặc nhuộm không bền màu (mất màu sau khi giặt bình thường bằng xà phòng) và, nếu là xơ nhân tạo thì có thể được xử lý cả khối với tác nhân khử bóng (ví dụ, titan điôxit).   
(b) Sợi đã tẩy trắng  
 Là loại sợi:  
(i) đã qua quá trình tẩy trắng, được làm từ các xơ đã tẩy trắng hoặc, trừ khi có qui định khác, đã được nhuộm tăng trắng (cả khối hoặc không hoàn toàn cả khối) hoặc đã xử lý bằng hồ trắng;  
(ii) gồm hỗn hợp của xơ đã tẩy trắng và chưa tẩy trắng; hoặc  
(iii) sợi xe hoặc sợi cáp được làm từ sợi đã tẩy trắng và chưa tẩy trắng.  
(c) Sợi màu (đã nhuộm hoặc đã in)  
 Là loại sợi:  
(i) đã nhuộm (cả khối hoặc không hoàn toàn cả khối) trừ màu trắng hoặc màu không bền, hoặc đã in, hoặc làm từ các loại xơ đã nhuộm hoặc đã in;  
(ii) gồm hỗn hợp của các xơ đã nhuộm từ màu khác nhau hoặc hỗn hợp của xơ chưa tẩy trắng hoặc đã tẩy trắng với các xơ màu (sợi macnơ hoặc sợi hỗn hợp), hoặc được in một hay nhiều màu cách khoảng tạo thành các chấm đốm;  
(iii) làm từ cúi hoặc sợi thô đã in; hoặc  
(iv) là sợi xe hoặc sợi cáp và gồm cả sợi đã tẩy trắng hoặc chưa tẩy trắng và sợi màu.  
 Những định nghĩa trên đây cũng áp dụng, một cách tương tự, cho sợi monofilament và sợi dạng dải hoặc dạng tương tự của Chương 54.  
(d) Vải dệt thoi chưa tẩy trắng  
 Vải dệt thoi được làm từ sợi chưa tẩy trắng và vải đó chưa được tẩy trắng, nhuộm hoặc in. Loại vải này có thể được xử lý bằng cách hồ không màu hoặc nhuộm không bền màu.  
(e) Vải dệt thoi đã tẩy trắng  
 Loại vải dệt thoi:  
(i) đã được tẩy trắng hoặc, trừ khi có yêu cầu khác, nhuộm tăng trắng, hoặc xử lý bằng loại hồ tăng trắng, ở dạng mảnh;  
(ii) dệt từ sợi đã tẩy trắng; hoặc  
(iii) dệt từ sợi đã tẩy trắng và sợi chưa tẩy trắng.  
(f) Vải dệt thoi đã nhuộm  
 Là loại vải dệt thoi:  
(i) đã được nhuộm đồng đều một màu trừ màu trắng (trừ một số trường hợp có yêu cầu khác) hoặc được xử lý bằng sự hoàn thiện màu trừ màu trắng (trừ một số trường hợp có yêu cầu khác), ở dạng mảnh; hoặc  
(ii) dệt từ sợi được nhuộm đồng đều một màu.  
(g) Vải dệt thoi bằng các loại sợi màu khác nhau  
 Là vải dệt thoi (trừ vải dệt thoi đã in):  
(i) bằng các loại sợi có màu khác nhau hoặc các loại sợi cùng màu nhưng có ánh màu khác nhau (trừ màu tự nhiên của các loại xơ hợp thành);  
(ii) bằng các loại sợi chưa tẩy trắng hoặc đã tẩy trắng và sợi nhuộm màu; hoặc  
(iii) dệt bằng sợi macnơ hoặc sợi hỗn hợp  
 (Trong mọi trường hợp, loại trừ các loại sợi dùng làm sợi biên hoặc sợi đầu tấm).  
(h) Vải dệt thoi đã in  
 Là loại vải dệt thoi đã được in ở dạng mảnh, được dệt hoặc không dệt từ các sợi có màu khác nhau.  
 (Các loại sau đây cũng được xem như vải dệt thoi đã in: vải có các hình được tạo ra bằng cách, ví dụ, dùng bàn chải hoặc súng phun, dùng giấy chuyển màu, bằng cấy nhung hoặc bằng quá trình batik.)  
 Quá trình kiềm bóng không ảnh hưởng đến việc phân loại của các loại sợi hoặc các loại vải kể trên. Các định nghĩa tại các phần từ (d) đến (h) nêu trên cũng được áp dụng tương tự với các loại vải dệt kim hoặc móc.  
(ij) Vải dệt vân điểm  
 Là loại vải có cấu trúc trong đó mỗi sợi ngang tuần tự đan xen ở trên và ở dưới sợi dọc kế tiếp và mỗi sợi dọc tuần tự đan xen ở trên và ở dưới sợi ngang kế tiếp.  
2. (A) Các sản phẩm thuộc các Chương từ 56 đến 63 làm từ hai hay nhiều loại vật liệu dệt được coi như chỉ làm từ một loại vật liệu duy nhất tương tự như quy định phân loại sản phẩm từ các Chương 50 đến 55 hoặc của nhóm 58.09 tại Chú giải 2 Phần này nghĩa là coi như các nguyên liệu trong nhóm giống nhau.  
(B) Để áp dụng qui tắc này:  
(a) Trong trường hợp thích hợp, chỉ có phần quyết định việc phân loại theo Qui tắc Giải thích 3 mới được đưa ra xem xét;   
(b) Trường hợp sản phẩm dệt làm từ một lớp vải nền và lớp bề mặt có tuyết hoặc vòng thì không cần xem xét đến vải nền;  
(c) Trường hợp hàng thêu thuộc nhóm 58.10 và sản phẩm của nó, chỉ cần phân loại theo vải nền. Tuy nhiên, đồ thêu không lộ nền, và cả sản phẩm của nó, được phân loại theo chỉ thêu.  
  
",SECTION XI,TEXTILES AND TEXTILE ARTICLES,"1. This Section does not cover:  
(a) Animal brushmaking bristles or hair (heading 05.02); horsehair or horsehair waste (heading 05.11);  
(b) Human hair or articles of human hair (heading 05.01, 67.03 or 67.04), except straining cloth of a kind commonly used in oil presses or the like (heading 59.11);  
(c) Cotton linters or other vegetable materials of Chapter 14;  
(d) Asbestos of heading 25.24 or articles of asbestos or other products of heading 68.12 or 68.13;  
(e) Articles of heading 30.05 or 30.06; yarn used to clean between the teeth (dental floss), in individual retail packages, of heading 33.06;  
(f) Sensitised textiles of headings 37.01 to 37.04;  
(g) Monofilament of which any cross-sectional dimension exceeds 1 mm or strip or the like (for example, artificial straw) of an apparent width exceeding 5 mm, of plastics (Chapter 39), or plaits or fabrics or other basketware or wickerwork of such monofilament or strip (Chapter 46);  
(h) Woven, knitted or crocheted fabrics, felt or nonwovens, impregnated, coated, covered or laminated with plastics, or articles thereof, of Chapter 39;  
(ij) Woven, knitted or crocheted fabrics, felt or nonwovens, impregnated, coated, covered or laminated with rubber, or articles thereof, of Chapter 40;  
(k) Hides or skins with their hair or wool on (Chapter 41 or 43) or articles of furskin, artificial fur or articles thereof, of heading 43.03 or 43.04;  
(l) Articles of textile materials of heading 42.01 or 42.02;  
(m) Products or articles of Chapter 48 (for example, cellulose wadding);  
(n) Footwear or parts of footwear, gaiters or leggings or similar articles of Chapter 64;  
(o) Hair-nets or other headgear or parts thereof of Chapter 65;  
(p) Goods of Chapter 67;  
(q) Abrasive-coated textile material (heading 68.05) and also carbon fibres or articles of carbon fibres of heading 68.15;  
(r) Glass fibres or articles of glass fibres, other than embroidery with glass thread on a visible ground of fabric (Chapter 70);  
(s) Articles of Chapter 94 (for example, furniture, bedding, lamps and lighting fittings);  
(t) Articles of Chapter 95 (for example, toys, games, sports requisites and nets);  
(u) Articles of Chapter 96 (for example, brushes, travel sets for sewing, slide fasteners, typewriter ribbons, sanitary towels (pads) and tampons, napkins (diapers) and napkin liners for babies); or  
(v) Articles of Chapter 97.  
2. (A) Goods classifiable in Chapters 50 to 55 or in heading 58.09  or 59.02 and of a mixture of two or more textile materials are  to be classified as if consisting wholly of that one textile  material which predominates by weight over any other  single textile material.  
When no one textile material predominates by weight, the goods are to be classified as if consisting wholly of that one textile material which is covered by the heading which occurs last in numerical order among those which equally merit consideration.  
(B) For the purposes of the above rule:  
(a) Gimped horsehair yarn (heading 51.10) and metallised yarn  (heading 56.05) are to be treated as a single textile  material the weight of which is to be taken as the aggregate of the weights of its components; for the classification of woven fabrics, metal thread is to be regarded as a textile material;  
(b) The choice of appropriate heading shall be effected by determining first the Chapter and then the applicable heading within that Chapter, disregarding any materials not classified in that Chapter;  
(c) When both Chapters 54 and 55 are involved with any other Chapter, Chapters 54 and 55 are to be treated as a single Chapter;  
(d) Where a Chapter or a heading refers to goods of different textile materials, such materials are to be treated as a single textile material.  
(C) The provisions of paragraphs (A) and (B) above apply also to the yarns referred to in Note 3, 4, 5 or 6 below.  
3. (A) For the purposes of this Section, and subject to the exceptions in paragraph (B) below, yarns (single, multiple (folded) or cabled) of the following descriptions are to be treated as “twine, cordage, ropes and cables”:  
(a) Of silk or waste silk, measuring more than 20,000 decitex;  
(b) Of man-made fibres (including yarn of two or more monofilaments of Chapter 54), measuring more than 10,000 decitex;  
(c) Of true hemp or flax:  
(i) Polished or glazed, measuring 1,429 decitex or more; or  
(ii) Not polished or glazed, measuring more than 20,000 decitex;  
(d) Of coir, consisting of three or more plies;  
(e) Of other vegetable fibres, measuring more than 20,000 decitex; or  
(f) Reinforced with metal thread.  
(B) Exceptions:  
(a) Yarn of wool or other animal hair and paper yarn, other than yarn reinforced with metal thread;  
(b) Man-made filament tow of Chapter 55 and multifilament yarn without twist or with a twist of less than 5 turns per metre of Chapter 54;  
(c) Silk worm gut of heading 50.06, and monofilaments of Chapter 54;  
(d) Metallised yarn of heading 56.05; yarn reinforced with metal thread is subject to paragraph (A) (f) above; and  
(e) Chenille yarn, gimped yarn and loop wale-yarn of heading 56.06.  
4. (A) For the purposes of Chapters 50, 51, 52, 54 and 55, the  expression “put up for retail sale” in relation to yarn means,  subject to the exceptions in paragraph (B) below, yarn  (single, multiple (folded) or cabled) put up:  
(a) On cards, reels, tubes or similar supports, of a weight (including support) not exceeding:  
(i) 85 g in the case of silk, waste silk or man-made filament yarn; or  
(ii) 125 g in other cases;  
(b) In balls, hanks or skeins of a weight not exceeding:  
(i) 85 g in the case of man-made filament yarn of less than 3,000 decitex, silk or silk waste;  
(ii) 125 g in the case of all other yarns of less than 2,000 decitex; or  
(iii) 500 g in other cases;  
(c) In hanks or skeins comprising several smaller hanks or skeins separated by dividing threads which render them independent one of the other, each of uniform weight not exceeding:  
(i) 85 g in the case of silk, waste silk or man-made filament yarn; or  
(ii) 125 g in other cases.  
(B) Exceptions:  
(a) Single yarn of any textile material, except:  
(i) Single yarn of wool or fine animal hair, unbleached; and  
(ii) Single yarn of wool or fine animal hair, bleached, dyed or printed, measuring more than 5,000 decitex;  
(b) Multiple (folded) or cabled yarn, unbleached:  
(i) Of silk or waste silk, however put up; or  
(ii) Of other textile material except wool or fine animal hair, in hanks or skeins;  
(c) Multiple (folded) or cabled yarn of silk or waste silk, bleached, dyed or printed, measuring 133 decitex or less; and  
(d) Single, multiple (folded) or cabled yarn of any textile material:  
(i) In cross-reeled hanks or skeins; or  
(ii) Put up on supports or in some other manner indicating its use in the textile industry (for example, on cops, twisting mill tubes, pirns, conical bobbins or spindles, or reeled in the form of cocoons for embroidery looms).  
5. For the purposes of headings 52.04, 54.01 and 55.08 the expression “sewing thread” means multiple (folded) or cabled yarn:  
(a) Put up on supports (for example, reels, tubes) of a weight (including support) not exceeding 1,000 g;  
(b) Dressed for use as sewing thread; and  
(c) With a final “Z” twist.  
6. For the purposes of this Section, the expression “high tenacity yarn” means yarn having a tenacity, expressed in cN/tex (centinewtons per tex), greater than the following:  
Single yarn of nylon or other polyamides, or of polyesters.60 cN/tex  
Multiple (folded) or cabled yarn of nylon or other polyamides, or of polyesters.53 cN/tex  
Single, multiple (folded) or cabled yarn of viscose rayon.27 cN/tex  
7. For the purposes of this Section, the expression “made up” means:  
(a) Cut otherwise than into squares or rectangles;  
(b) Produced in the finished state, ready for use (or merely needing separation by cutting dividing threads) without sewing or other working (for example, certain dusters, towels, table cloths, scarf squares, blankets);  
(c) Cut to size and with at least one heat-sealed edge with a visibly tapered or compressed border and the other edges treated as described in any other subparagraph of this Note, but excluding fabrics the cut edges of which have been prevented from unravelling by hot cutting or by other simple means;  
(d) Hemmed or with rolled edges, or with a knotted fringe at any of the edges, but excluding fabrics the cut edges of which have been prevented from unravelling by whipping or by other simple means;  
(e) Cut to size and having undergone a process of drawn thread work;  
(f) Assembled by sewing, gumming or otherwise (other than piece goods consisting of two or more lengths of identical material joined end to end and piece goods composed of two or more textiles assembled in layers, whether or not padded);  
(g) Knitted or crocheted to shape, whether presented as separate items or in the form of a number of items in the length.  
8. For the purposes of Chapters 50 to 60:  
(a) Chapters 50 to 55 and 60 and, except where the context otherwise requires, Chapters 56 to 59 do not apply to goods made up within the meaning of Note 7 above; and  
(b) Chapters 50 to 55 and 60 do not apply to goods of Chapters 56 to 59.  
9. The woven fabrics of Chapters 50 to 55 include fabrics consisting of layers of parallel textile yarns superimposed on each other at acute or right angles.  These layers are bonded at the intersections of the yarns by an adhesive or by thermal bonding.  
10. Elastic products consisting of textile materials combined with rubber threads are classified in this Section.  
11. For the purposes of this Section, the expression “impregnated” includes “dipped”.  
12. For the purposes of this Section, the expression “polyamides” includes “aramids”.  
13. For the purposes of this Section and, where applicable, throughout the Nomenclature, the expression ""elastomeric yarn"" means filament yarn, including monofilament, of synthetic textile material, other than textured yarn, which does not break on being extended to three times its original length and which returns, after being extended to twice its original length, within a period of five minutes, to a length not greater than one and a half times its original length.  
14. Unless the context otherwise requires, textile garments of different headings are to be classified in their own headings even if put up in sets for retail sale.  For the purposes of this Note, the expression “textile garments” means garments of headings 61.01 to 61.14 and headings 62.01 to 62.11.  
Subheading Notes.  
1. In this Section and, where applicable, throughout the Nomenclature, the following expressions have the meanings hereby assigned to them:  
(a) Unbleached yarn  
Yarn which:  
(i) has the natural colour of its constituent fibres and has not been bleached, dyed (whether or not in the mass) or printed; or  
(ii) is of indeterminate colour (“grey yarn”), manufactured from garnetted stock.  
Such yarn may have been treated with a colourless dressing or fugitive dye (which disappears after simple washing with soap) and, in the case of man-made fibres, treated in the mass with delustring agents (for example, titanium dioxide).  
(b) Bleached yarn  
Yarn which:  
(i) has undergone a bleaching process, is made of bleached fibres or, unless the context otherwise requires, has been dyed white (whether or not in the mass) or treated with a white dressing;  
(ii) consists of a mixture of unbleached and bleached fibres; or  
(iii) is multiple (folded) or cabled and consists of unbleached and bleached yarns.  
(c) Coloured (dyed or printed) yarn  
Yarn which:  
(i) is dyed (whether or not in the mass) other than white or in a fugitive colour, or printed, or made from dyed or printed fibres;  
(ii) consists of a mixture of dyed fibres of different colours or of a mixture of unbleached or bleached fibres with coloured fibres (marl or mixture yarns), or is printed in one or more colours at intervals to give the impression of dots;  
(iii) is obtained from slivers or rovings which have been printed; or  
(iv) is multiple (folded) or cabled and consists of unbleached or bleached yarn and coloured yarn.  
The above definitions also apply, mutatis mutandis, to monofilament and to strip or the like of Chapter 54.  
(d) Unbleached woven fabric   
Woven fabric made from unbleached yarn and which has not been bleached, dyed or printed.  Such fabric may have been treated with a colourless dressing or a fugitive dye.  
(e) Bleached woven fabric   
Woven fabric which:  
(i) has been bleached or, unless the context otherwise requires, dyed white or treated with a white dressing, in the piece;  
(ii) consists of bleached yarn; or  
(iii) consists of unbleached and bleached yarn.  
(f) Dyed woven fabric  
Woven fabric which:  
(i) is dyed a single uniform colour other than white (unless the context otherwise requires) or has been treated with a coloured finish other than white (unless the context otherwise requires), in the piece; or  
(ii) consists of coloured yarn of a single uniform colour.  
(g) Woven fabric of yarns of different colours   
Woven fabric (other than printed woven fabric) which:  
(i) consists of yarns of different colours or yarns of different shades of the same colour (other than the natural colour of the constituent fibres);  
(ii) consists of unbleached or bleached yarn and coloured yarn; or  
(iii) consists of marl or mixture yarns.  
(In all cases, the yarn used in selvedges and piece ends is not taken into consideration.)  
(h) Printed woven fabric   
Woven fabric which has been printed in the piece, whether or not made from yarns of different colours.  
(The following are also regarded as printed woven fabrics: woven fabrics bearing designs made, for example, with a brush or spray gun, by means of transfer paper, by flocking or by the batik process.)  
The process of mercerisation does not affect the classification of yarns or fabrics within the above categories. The definitions at (d) to (h) above apply, mutatis mutandis, to knitted or crocheted fabrics.    
(ij) Plain weave   
A fabric construction in which each yarn of the weft passes alternately over and under successive yarns of the warp and each yarn of the warp passes alternately over and under successive yarns of the weft.  
2. (A) Products of Chapters 56 to 63 containing two or more textile materials are to be regarded as consisting wholly of that textile material which would be selected under Note 2 to this Section for the classification of a product of Chapters 50 to 55 or of heading 58.09 consisting of the same textile materials.  
(B) For the application of this rule:  
(a) where appropriate, only the part which determines the classification under Interpretative Rule 3 shall be taken into account;  
(b) in the case of textile products consisting of a ground fabric and a pile or looped surface no account shall be taken of the ground fabric;  
(c) in the case of embroidery of heading 58.10 and goods thereof, only the ground fabric shall be taken into account. However, embroidery without visible ground, and goods thereof, shall be classified with reference to the embroidering threads alone.  
"
12,PHẦN XII,"GIÀY, DÉP, MŨ VÀ CÁC VẬT ĐỘI ĐẦU KHÁC, Ô, DÙ, BA TOONG, GẬY TAY CẦM CÓ THỂ CHUYỂN THÀNH GHẾ, ROI GẬY ĐIỀU KHIỂN, ROI ĐIỀU KHIỂN SÚC VẬT THỒ KÉO VÀ CÁC BỘ PHẬN CỦA CÁC LOẠI HÀNG TRÊN; LÔNG VŨ CHẾ BIẾN VÀ CÁC SẢN PHẨM LÀM TỪ LÔNG VŨ CHẾ BIẾN; HOA NHÂN TẠO; ",,SECTION XII,"FOOTWEAR, HEADGEAR, UMBRELLAS, SUN UMBRELLAS, WALKING-STICKS, SEAT-STICKS, WHIPS, RIDING-CROPS AND PARTS THEREOF; PREPARED FEATHERS AND ARTICLES MADE THEREWITH; ARTIFICIAL FLOWERS; ARTICLES OF HUMAN HAIR",
13,PHẦN XIII,"SẢN PHẨM BẰNG ĐÁ, THẠCH CAO, XI MĂNG, AMIĂNG, MICA HOẶC CÁC VẬT LIỆU TƯƠNG TỰ; ĐỒ GỐM; THUỶ TINH VÀ CÁC SẢN PHẨM BẰNG THUỶ TINH",,SECTION XIII,"ARTICLES OF STONE, PLASTER, CEMENT, ASBESTOS, MICA OR SIMILAR MATERIALS; CERAMIC PRODUCTS; GLASS AND GLASSWARE",
14,PHẦN XIV,"NGỌC TRAI TỰ NHIÊN HOẶC NUÔI CẤY, ĐÁ QUÝ HOẶC ĐÁ BÁN QUÝ, KIM LOẠI QUÝ, KIM LOẠI ĐƯỢC DÁT PHỦ KIM LOẠI QUÝ, VÀ CÁC SẢN PHẨM CỦA CHÚNG; ĐỒ TRANG SỨC LÀM BẰNG CHẤT LIỆU KHÁC; TIỀN KM LOẠI",,SECTION XIV,"NATURAL OR CULTURED PEARLS, PRECIOUS OR SEMI-PRECIOUS STONES, PRECIOUS METALS, METALS CLAD WITH PRECIOUS METAL, AND ARTICLES THEREOF; IMITATION JEWELLERY; COIN",
15,PHẦN XV,KIM LOẠI CƠ BẢN VÀ CÁC SẢN PHẨM BẰNG KIM LOẠI CƠ BẢN,"1. Phần này không bao gồm:  
(a) Sơn, mực hoặc các sản phẩm khác đã được pha chế với chất cơ bản là vảy hoặc bột kim loại (các nhóm từ 32.07 đến 32.10, 32.12, 32.13 hoặc 32.15);  
(b) Hợp kim ferro-xeri hoặc các hợp kim tự cháy khác (nhóm 36.06);  
(c) Mũ và các vật đội đầu khác hoặc các bộ phận của chúng thuộc nhóm 65.06 hoặc 65.07;  
(d) Khung ô hoặc các sản phẩm khác thuộc nhóm 66.03;  
(e) Hàng hoá thuộc Chương 71 (ví dụ, hợp kim kim loại quý, kim loại cơ bản dát phủ kim loại quý, đồ trang sức làm bằng chất liệu khác);  
(f) Các sản phẩm thuộc Phần XVI (máy móc, các thiết bị cơ khí và đồ điện);  
(g) Đường ray xe lửa hoặc xe điện đã được lắp ráp (nhóm 86.08) hoặc các sản phẩm khác thuộc Phần XVII (xe, tầu và thuyền, phương tiện bay);  
(h) Dụng cụ hoặc thiết bị phụ tùng thuộc Phần XVIII, kể cả dây cót của đồng hồ cá nhân hoặc đồng hồ thời gian khác;  
(ij) Các viên chì nhỏ được chế tạo để sản xuất đạn dược (nhóm 93.06) hoặc các sản phẩm khác thuộc Phần XIX (vũ khí và đạn dược);  
(k) Các sản phẩm thuộc Chương 94 (ví dụ, đồ nội thất, lót đệm giường, đèn và bộ đèn, biển hộp được chiếu sáng, nhà lắp ghép);  
(l) Các sản phẩm thuộc Chương 95 (ví dụ, đồ chơi, thiết bị trò chơi, dụng cụ thể thao);  
(m) Giần, sàng bằng tay, khuy, bút máy, quản bút chì, ngòi bút hoặc các sản phẩm khác thuộc Chương 96 (các mặt hàng khác); hoặc   
(n) Các sản phẩm thuộc Chương 97 (ví dụ, tác phẩm nghệ thuật).  
2. Trong Danh mục này, khái niệm “các bộ phận có công dụng chung” có nghĩa:  
(a) Các sản phẩm thuộc nhóm 73.07, 73.12, 73.15, 73.17 hoặc 73.18 và các sản phẩm tương tự bằng kim loại cơ bản khác;  
(b) Lò xo và lá lò xo, bằng kim loại cơ bản, trừ dây cót dùng cho đồng hồ cá nhân hoặc đồng hồ thời gian khác (nhóm 91.14); và  
(c) Sản phẩm thuộc các nhóm 83.01, 83.02, 83.08, 83.10 và khung và gương bằng kim loại cơ bản, thuộc nhóm 83.06.  
Từ Chương 73 đến Chương 76 và từ Chương 78 đến Chương 82 (nhưng trừ nhóm 73.15) các bộ phận của hàng hoá thuộc các chương này không bao gồm các bộ phận có công dụng chung như đã nêu ở trên.  
Theo nội dung trên và theo Chú giải 1 của Chương 83, các sản phẩm thuộc Chương 82 hoặc 83 được loại trừ khỏi các Chương từ Chương 72 đến Chương 76 và từ Chương 78 đến Chương 81.  
3. Trong Danh mục này, khái niệm “kim loại cơ bản” có nghĩa là: sắt và thép, đồng, niken, nhôm, chì, kẽm, thiếc, vonfram, molypđen, tantali, magie, coban, bismut, cađimi, titan, zircon, antimon, mangan, berili, crom, gemani, vanadi, gali, hafini, indi, niobi (columbi), rheni và tali.  
4. Trong Danh mục này, khái niệm “gốm kim loại” chỉ các sản phẩm có sự kết hợp dị thể của một thành phần kim loại và một thành phần gốm trong cấu trúc tế vi. Khái niệm “gốm kim loại” cũng kể cả cacbua kim loại thiêu kết (cacbua kim loại thiêu kết với một kim loại).   
5. Việc phân loại các hợp kim (trừ hợp kim fero và các hợp kim chủ như đã được xác định trong Chương 72 và 74):  
(a) Một hợp kim cấu thành từ các kim loại cơ bản được phân loại vào nhóm hợp kim của kim loại có hàm lượng trội hơn so với từng kim loại khác có trong hợp kim;  
(b) Một hợp kim mà thành phần gồm các kim loại cơ bản thuộc Phần này và các nguyên tố không thuộc Phần này thì hợp kim đó sẽ được coi như hợp kim của các kim loại thuộc phần này nếu tổng trọng lượng của các kim loại cơ bản đó bằng hoặc lớn hơn tổng trọng lượng của các thành phần khác có mặt trong hợp kim;  
(c) Trong Phần này khái niệm ""hợp kim"" kể cả hỗn hợp bột kim loại thiêu kết, hỗn hợp dị thể trộn kỹ thu được bằng cách nung chảy (trừ gốm kim loại), và hợp chất liên kết kim loại (thường gọi là hợp chất liên kim).  
6. Trừ khi có những yêu cầu khác, khi việc xem xét có liên quan đến bất cứ một kim loại cơ bản nào trong Danh mục này, cũng cần phải xem xét những hợp kim mà chúng được phân loại như những hợp kim của kim loại đó theo Chú giải 5 ở trên.  
7. Việc phân loại các sản phẩm hỗn hợp:  
"" Trừ khi có yêu cầu khác, các sản phẩm bằng kim loại cơ bản (kể cả các sản phẩm bằng nguyên vật liệu pha trộn được coi như sản phẩm bằng kim loại cơ bản theo các nguyên tắc giải thích) gồm hai hoặc nhiều kim loại cơ bản thì được coi như sản phẩm của kim loại cơ bản nào có hàm lượng trội hơn so với từng kim loại khác. 
Theo mục đích này:""  
(a) Sắt và thép, hoặc các dạng khác của sắt hoặc thép, được coi như là một và là cùng một kim loại;  
(b) Một hợp kim được coi như chứa toàn bộ một loại kim loại khi mà hợp kim của kim loại đó được phân loại theo Chú giải 5; và  
(c) Gốm kim loại của nhóm 81.13 được coi như một loại kim loại cơ bản.  
8. Trong Phần này, các khái niệm sau đây có nghĩa:  
(a) Phế liệu và mảnh vụn  
 Phế liệu và mảnh vụn kim loại từ quá trình sản xuất hoặc gia công kim loại bằng phương pháp cơ khí và các sản phẩm bằng kim loại chắc chắn không thể sử dụng được vì nguyên nhân bị gãy, cắt ra, bị mài mòn hoặc các nguyên nhân khác.  
(b) Bột  
 Là sản phẩm có hàm lượng từ 90% trở lên tính theo trọng lượng lọt qua được rây (sàng) có đường kính mắt rây bằng 1 mm.  
",SECTION XV,BASE METALS AND ARTICLES OF BASE METAL,"1. This Section does not cover:  
(a) Prepared paints, inks or other products with a basis of metallic flakes or powder (headings 32.07 to 32.10, 32.12, 32.13 or 32.15);  
(b) Ferro-cerium or other pyrophoric alloys (heading 36.06);  
(c) Headgear or parts thereof of heading 65.06 or 65.07;  
(d) Umbrella frames or other articles of heading 66.03;  
(e) Goods of Chapter 71 (for example, precious metal alloys, base metal clad with precious metal, imitation jewellery);  
(f) Articles of Section XVI (machinery, mechanical appliances and electrical goods);  
(g) Assembled railway or tramway track (heading 86.08) or other articles of Section XVII (vehicles, ships and boats, aircraft);  
(h) Instruments or apparatus of Section XVIII, including clock or watch springs;  
(ij) Lead shot prepared for ammunition (heading 93.06) or other articles of Section XIX (arms and ammunition);  
(k) Articles of Chapter 94 (for example, furniture, mattress supports, lamps and lighting fittings, illuminated signs, prefabricated buildings);  
(l) Articles of Chapter 95 (for example, toys, games, sports requisites);  
(m) Hand sieves, buttons, pens, pencil-holders, pen nibs or other articles of Chapter 96 (miscellaneous manufactured articles); or  
(n) Articles of Chapter 97 (for example, works of art).  
2. Throughout the Nomenclature, the expression “parts of general use” means:  
(a) Articles of heading 73.07, 73.12, 73.15, 73.17 or 73.18 and similar articles of other base metal;  
(b) Springs and leaves for springs, of base metal, other than clock or watch springs (heading 91.14); and  
(c) Articles of headings 83.01, 83.02, 83.08, 83.10 and frames and mirrors, of base metal, of heading 83.06.  
In Chapters 73 to 76 and 78 to 82 (but not in heading 73.15) references to parts of goods do not include references to parts of general use as defined above.  
Subject to the preceding paragraph and to Note 1 to Chapter 83, the articles of Chapter 82 or 83 are excluded from Chapters 72 to 76 and 78 to 81.  
3. Throughout the Nomenclature, the expression “base metals” means: iron and steel, copper, nickel, aluminium, lead, zinc, tin, tungsten (wolfram), molybdenum, tantalum, magnesium, cobalt, bismuth, cadmium, titanium, zirconium, antimony, manganese, beryllium, chromium, germanium, vanadium, gallium, hafnium, indium, niobium (columbium), rhenium and thallium.  
4. Throughout the Nomenclature, the term “cermets” means products containing a microscopic heterogeneous combination of a metallic component and a ceramic component. The term “cermets” includes sintered metal carbides (metal carbides sintered with a metal).  
5. Classification of alloys (other than ferro-alloys and master alloys as defined in Chapters 72 and 74):  
(a) An alloy of base metals is to be classified as an alloy of the metal which predominates by weight over each of the other metals;  
(b) An alloy composed of base metals of this Section and of elements not falling within this Section is to be treated as an alloy of base metals of this Section if the total weight of such metals equals or exceeds the total weight of the other elements present;  
(c) In this Section the term “alloys” includes sintered mixtures of metal powders, heterogeneous intimate mixtures obtained by melting (other than cermets), and intermetallic compounds.  
6. Unless the context otherwise requires, any reference in the Nomenclature to a base metal includes a reference to alloys which, by virtue of Note 5 above, are to be classified as alloys of that metal.  
7. Classification of composite articles:  
""Except where the headings otherwise require, articles of base metal (including articles of mixed materials treated as articles of base metal under the Interpretative Rules) containing two or more base metals are to be treated as articles of the base metal predominating by weight over each of the other metals. 
For this purpose:""  
(a) Iron and steel, or different kinds of iron or steel, are regarded as one and the same metal;  
(b) An alloy is regarded as being entirely composed of that metal as an alloy of which, by virtue of Note 5, it is classified; and  
(c) A cermet of heading 81.13 is regarded as a single base metal.  
8. In this Section, the following expressions have the meanings hereby assigned to them:  
(a) Waste and scrap  
Metal waste and scrap from the manufacture or mechanical working of metals, and metal goods definitely not usable as such because of breakage, cutting-up, wear or other reasons.  
(b) Powders  
Products of which 90% or more by weight passes through a sieve having a mesh aperture of 1 mm.  
"
16,PHẦN XVI,"MÁY VÀ CÁC TRANG THIẾT BỊ CƠ KHÍ; THIẾT BỊ ĐIỆN; CÁC BỘ PHẬN CỦA CHÚNG; THIẾT BỊ GHI VÀ TÁI TẠO ÂM THANH, THIẾT BỊ GHI VÀ TÁI TẠO HÌNH ẢNH, ÂM THANH TRUYỀN HÌNH VÀ CÁC BỘ PHẬN VÀ PHỤ KIỆN CỦA CÁC THIẾT BỊ TRÊN","1. Phần này không bao gồm:  
(a) Băng truyền hoặc băng tải hoặc dây đai, bằng plastic thuộc Chương 39, hoặc bằng cao su lưu hóa (nhóm 40.10),  hoặc các sản phẩm khác sử dụng cho máy móc hoặc thiết bị cơ khí hay thiết bị điện hay sản phẩm sử dụng cho mục đích kỹ thuật khác, bằng cao su lưu hóa, trừ loại cao su cứng (nhóm 40.16);  
(b) Các sản phẩm bằng da thuộc hoặc bằng da tổng hợp (nhóm 42.05) hoặc bằng da lông (nhóm 43.03), sử dụng trong các máy móc hoặc thiết bị cơ khí hoặc các mục đích kỹ thuật khác;  
(c) Ống chỉ, trục cuốn, ống lõi sợi con, lõi ống sợi, lõi ống côn, lõi guồng hoặc các loại lõi tương tự, bằng vật liệu bất kỳ (ví dụ, Chương 39, 40, 44 hoặc 48 hoặc Phần XV);  
(d) Thẻ đục lỗ răng cưa dùng cho máy Jacquard hoặc các máy tương tự (ví dụ, Chương 39 hoặc 48 hoặc Phần XV);   
(e) Băng truyền hoặc băng tải hoặc dây coroa bằng vật liệu dệt (nhóm 59.10) hoặc các sản phẩm khác bằng vật liệu dệt dùng cho các mục đích kỹ thuật (nhóm 59.11);  
(f) Đá quý hoặc đá bán quý (tự nhiên, tổng hợp hoặc tái tạo) thuộc các nhóm 71.02 đến 71.04, hoặc các sản phẩm làm toàn bộ bằng loại đá này thuộc nhóm 71.16, trừ đá saphia và kim cương đã được gia công nhưng chưa gắn để làm đầu kim đĩa hát (nhóm 85.22);  
(g) Các bộ phận có công dụng chung, như đã xác định trong Chú giải 2 Phần XV, bằng kim loại cơ bản (Phần XV), hoặc các loại hàng hóa tương tự bằng plastic (Chương 39);  
(h) Ống khoan (nhóm 73.04);  
(ij) Đai liên tục bằng dây hoặc dải kim loại (Phần XV);  
(k) Các sản phẩm thuộc Chương 82 hoặc 83;  
(l) Các sản phẩm thuộc Phần XVII;  
(m) Các sản phẩm thuộc Chương 90;  
(n) Đồng hồ thời gian, đồng hồ cá nhân hoặc các sản phẩm khác thuộc Chương 91;  
(o) Các dụng cụ có thể thay đổi thuộc nhóm 82.07 hoặc bàn chải sử dụng như các bộ phận của máy (nhóm 96.03); những dụng cụ có thể thay đổi tương tự được phân loại theo vật liệu cấu thành bộ phận làm việc của chúng (ví dụ, trong Chương 40, 42, 43, 45 hoặc Chương 59 hoặc nhóm 68.04 hoặc 69.09);  
(p) Các sản phẩm thuộc Chương 95; hoặc  
(q) Ruy băng máy chữ hoặc ruy băng tương tự, đã hoặc chưa cuộn vào lõi hoặc nằm trong vỏ (được phân loại theo chất liệu tạo thành, hoặc trong nhóm 96.12 nếu chúng đã nạp mực hoặc được gia công công đoạn thêm để dùng cho in ấn).  
2. Theo Chú giải 1 của Phần này, Chú giải 1 Chương 84 và Chú giải 1 Chương 85, các bộ phận của máy (ngoài các bộ phận của hàng hóa thuộc nhóm 84.84, 85.44, 85.45, 85.46 hoặc 85.47) được phân loại theo các qui tắc sau:  
(a) Các bộ phận đã được định danh tại nhóm nào đó của Chương 84 hoặc 85 (trừ các nhóm 84.09, 84.31, 84.48, 84.66, 84.73, 84.87, 85.03, 85.22, 85.29, 85.38 và 85.48) được phân loại vào nhóm đó trong mọi trường hợp;  
(b) Các bộ phận khác, nếu phù hợp để chỉ sử dụng hoặc chủ yếu sử dụng cho các loại máy cụ thể, hoặc cho một số loại máy cùng nhóm (kể cả máy thuộc nhóm 84.79 hoặc 85.43) được phân loại theo nhóm của các máy cụ thể đó hoặc vào nhóm thích hợp như 84.09, 84.31, 84.48, 84.66, 84.73, 85.03, 85.22, 85.29 hoặc 85.38. Tuy nhiên, bộ phận phù hợp để chỉ sử dụng cho các hàng hóa thuộc các nhóm 85.17 và 85.25 đến 85.28 được phân loại vào nhóm 85.17;  
(c) Tất cả các bộ phận khác được phân loại trong nhóm thích hợp như 84.09, 84.31, 84.48, 84.66, 84.73, 85.03, 85.22, 85.29 hoặc 85.38 hoặc, nếu không thì, phân loại vào nhóm 84.87 hoặc 85.48.  
3. Trừ khi có yêu cầu cụ thể khác, các loại máy liên hợp gồm hai hoặc nhiều máy lắp ghép với nhau thành một thiết bị đồng bộ và các loại máy khác được thiết kế để thực hiện hai hay nhiều chức năng khác nhau hay bổ trợ lẫn nhau được phân loại theo bộ phận chính hoặc máy thực hiện chức năng chính.  
4. Khi một máy (kể cả một tổ hợp máy) gồm các bộ phận cấu thành riêng lẻ (dù tách biệt hoặc được liên kết với nhau bằng ống, bằng bộ phận truyền, bằng cáp điện hoặc bằng bộ phận khác) để thực hiện một chức năng được xác định rõ đã quy định chi tiết tại một trong các nhóm của Chương 84 hoặc Chương 85, thì toàn bộ máy đó phải được phân loại vào nhóm phù hợp với chức năng xác định của máy.  
5. Theo mục đích của Chú giải này, khái niệm “máy” có nghĩa là bất kỳ máy, máy móc, thiết bị, bộ dụng cụ hoặc dụng cụ đã nêu trong các nhóm của Chương 84 hoặc 85.  
",SECTION XVI,"MACHINERY AND MECHANICAL APPLIANCES; ELECTRICAL EQUIPMENT; PARTS THEREOF; SOUND RECORDERS AND REPRODUCERS, TELEVISION IMAGE AND SOUND RECORDERS AND REPRODUCERS, AND PARTS AND ACCESSORIES OF SUCH ARTICLES","1. This Section does not cover:  
(a) Transmission or conveyor belts or belting, of plastics of Chapter 39, or of vulcanised rubber (heading 40.10), or other articles of a kind used in machinery or mechanical or electrical appliances or for other technical uses, of vulcanised rubber other than hard rubber (heading 40.16);  
(b) Articles of leather or of composition leather (heading 42.05) or of furskin (heading 43.03), of a kind used in machinery or mechanical appliances or for other technical uses;  
(c) Bobbins, spools, cops, cones, cores, reels or similar supports, of any material (for example, Chapter 39, 40, 44 or 48 or Section XV);  
(d) Perforated cards for Jacquard or similar machines (for example, Chapter 39 or 48 or Section XV);  
(e) Transmission or conveyor belts or belting of textile material (heading 59.10) or other articles of textile material for technical uses (heading 59.11);  
(f) Precious or semi-precious stones (natural, synthetic or reconstructed) of headings 71.02 to 71.04, or articles wholly of such stones of heading 71.16, except unmounted worked sapphires and diamonds for styli (heading 85.22);  
(g) Parts of general use, as defined in Note 2 to Section XV, of base metal (Section XV), or similar goods of plastics (Chapter 39);  
(h) Drill pipe (heading 73.04);  
(ij) Endless belts of metal wire or strip (Section XV);  
(k) Articles of Chapter 82 or 83;  
(l) Articles of Section XVII;  
(m) Articles of Chapter 90;  
(n) Clocks, watches or other articles of Chapter 91;  
(o) Interchangeable tools of heading 82.07 or brushes of a kind used as parts of machines (heading 96.03); similar interchangeable tools are to be classified according to the constituent material of their working part (for example, in Chapter 40, 42, 43, 45 or 59 or heading 68.04 or 69.09);   
(p) Articles of Chapter 95; or  
(q) Typewriter or similar ribbons, whether or not on spools or in cartridges (classified according to their constituent material, or in heading 96.12 if inked or otherwise prepared for giving impressions).   
2. Subject to Note 1 to this Section, Note 1 to Chapter 84 and Note 1 to Chapter 85, parts of machines (not being parts of the articles of heading 84.84, 85.44, 85.45, 85.46 or 85.47) are to be classified according to the following rules:  
(a) Parts which are goods included in any of the headings of Chapter 84 or 85 (other than headings 84.09, 84.31, 84.48, 84.66, 84.73, 84.87, 85.03, 85.22, 85.29, 85.38 and 85.48) are in all cases to be classified in their respective headings;  
(b) Other parts, if suitable for use solely or principally with a particular kind of machine, or with a number of machines of the same heading (including a machine of heading 84.79 or 85.43) are to be classified with the machines of that kind or in heading 84.09, 84.31, 84.48, 84.66, 84.73, 85.03, 85.22, 85.29 or 85.38 as appropriate. However, parts which are equally suitable for use principally with the goods of headings 85.17 and 85.25 to 85.28 are to be classified in heading 85.17;  
(c) All other parts are to be classified in heading 84.09, 84.31, 84.48, 84.66, 84.73, 85.03, 85.22, 85.29 or 85.38 as appropriate or, failing that, in heading 84.87 or 85.48.  
3. Unless the context otherwise requires, composite machines consisting of two or more machines fitted together to form a whole and other machines designed for the purpose of performing two or more complementary or alternative functions are to be classified as if consisting only of that component or as being that machine which performs the principal function.  
4. Where a machine (including a combination of machines) consists of individual components (whether separate or interconnected by piping, by transmission devices, by electric cables or by other devices) intended to contribute together to a clearly defined function covered by one of the headings in Chapter 84 or Chapter 85, then the whole falls to be classified in the heading appropriate to that function.  
5. For the purposes of these Notes, the expression “machine” means any machine, machinery, plant, equipment, apparatus or appliance cited in the headings of Chapter 84 or 85.   
"
17,PHẦN XVII,"XE CỘ, PHƯƠNG TIỆN BAY, TÀU THUYỀN VÀ CÁC THIẾT BỊ VẬN TẢI LIÊN HỢP","1. Phần này không bao gồm các mặt hàng thuộc các nhóm 95.03 hoặc 95.08 hoặc xe trượt băng, xe trượt tuyết hoặc loại tương tự thuộc nhóm 95.06.  
2. Khái niệm ""bộ phận"" và ""bộ phận và phụ kiện"" không áp dụng cho các sản phẩm sau đây, dù chúng có hoặc không được nhận biết như những bộ phận dùng cho hàng hoá thuộc Phần này:  
(a) Tấm đệm, vòng đệm hoặc loại tương tự bằng vật liệu bất kỳ (được phân loại theo vật liệu cấu thành hoặc được xếp vào nhóm 84.84) hoặc các sản phẩm khác bằng cao su lưu hoá trừ cao su cứng (nhóm 40.16);  
(b) Các bộ phận có công dụng chung, như đã định nghĩa tại Chú giải 2 của Phần XV, làm bằng kim loại cơ bản (Phần XV), hoặc các mặt hàng tương tự làm bằng plastic (Chương 39);  
(c) Các mặt hàng thuộc Chương 82 (dụng cụ các loại);   
(d) Các mặt hàng thuộc nhóm 83.06;  
(e) Máy móc hoặc thiết bị thuộc nhóm 84.01 đến 84.79, hoặc các bộ phận của chúng; các mặt hàng thuộc nhóm 84.81 hoặc 84.82 hoặc, nếu chúng cấu thành các bộ phận bên trong của động cơ hay mô tơ, các mặt hàng thuộc nhóm 84.83;  
(f) Máy điện hoặc thiết bị điện (Chương 85);   
(g) Các mặt hàng thuộc Chương 90;  
(h) Các mặt hàng thuộc Chương 91;  
(ij) Vũ khí (Chương 93);  
(k) Đèn hoặc bộ đèn thuộc nhóm 94.05; hoặc   
(l) Bàn chải các loại được sử dụng như là bộ phận của các phương tiện (nhóm 96.03).  
3. Khi đề cập đến các Chương từ 86 đến Chương 88 khái niệm “bộ phận” hoặc ""phụ kiện"" không áp dụng cho loại bộ phận hoặc phụ tùng không phù hợp để chỉ dùng hoặc chủ yếu dùng với các mặt hàng thuộc các Chương này. Một loại bộ phận hoặc phụ tùng đáp ứng mô tả trong hai hay nhiều nhóm thuộc các Chương này phải phân loại vào nhóm tương ứng với công dụng chủ yếu của loại bộ phận hay phụ tùng ấy.  
4. Theo mục đích của Phần này:  
(a) Các phương tiện được thiết kế đặc biệt để chạy cả trên đường bộ và đường ray được phân loại vào nhóm thích hợp của Chương 87;  
(b) Xe lội nước có động cơ được phân loại vào nhóm thích hợp của Chương 87;  
(c) Phương tiện bay được thiết kế đặc biệt để cũng có thể sử dụng như loại phương tiện đường bộ được phân loại vào nhóm thích hợp của Chương 88.  
5. Các phương tiện chạy trên đệm không khí được phân loại trong Phần này cùng với các phương tiện giống chúng nhất cụ thể như sau:  
(a) Xếp vào Chương 86 nếu chúng được thiết kế để chạy trên đường ray dẫn (tàu hoả chạy trên đệm không khí);  
(b) Xếp vào Chương 87 nếu chúng được thiết kế để chạy không tiếp đất hoặc cả không tiếp đất và không tiếp nước;  
(c) Xếp vào Chương 89 nếu chúng được thiết kế để chạy không tiếp nước, có hoặc không có khả năng đỗ xuống bờ hoặc bến tàu hoặc cũng có thể chạy không tiếp mặt băng.  
Bộ phận và phụ kiện của các phương tiện chạy trên đệm không khí được phân loại theo cách phân loại các phương tiện chạy trên đệm không khí đã quy định trên đây.  
Các bộ phận cố định và khớp nối của đường ray tàu chạy đệm không khí được phân loại như các bộ phận cố định và ghép nối của đường ray tàu hoả và thiết bị tín hiệu, an toàn hoặc điều khiển giao thông dùng cho hệ thống vận tải trên đệm không khí, được phân loại như thiết bị tín hiệu, an toàn hoặc điều khiển giao thông của đường sắt.  
",SECTION XVII,"VEHICLES, AIRCRAFT, VESSELS AND ASSOCIATED TRANSPORT EQUIPMENT","1. This Section does not cover articles of heading 95.03 or 95.08, or bobsleighs, toboggans or the like of heading 95.06.  
2. The expressions “parts” and “parts and accessories” do not apply to the following articles, whether or not they are identifiable as for the goods of this Section:  
(a) Joints, washers or the like of any material (classified according to their constituent material or in heading 84.84) or other articles of vulcanised rubber other than hard rubber (heading 40.16);  
(b) Parts of general use, as defined in Note 2 to Section XV, of base metal (Section XV), or similar goods of plastics (Chapter 39);  
(c) Articles of Chapter 82 (tools);  
(d) Articles of heading 83.06;  
(e) Machines or apparatus of headings 84.01 to 84.79, or parts thereof; articles of heading 84.81 or 84.82 or, provided they constitute integral parts of engines or motors, articles of heading 84.83;  
(f) Electrical machinery or equipment (Chapter 85);  
(g) Articles of Chapter 90;  
(h) Articles of Chapter 91;  
(ij) Arms (Chapter 93);  
(k) Lamps or lighting fittings of heading 94.05; or  
(l) Brushes of a kind used as parts of vehicles (heading 96.03).  
3. References in Chapters 86 to 88 to “parts” or “accessories” do not apply to parts or accessories which are not suitable for use solely or principally with the articles of those Chapters. A part or accessory which answers to a description in two or more of the headings of those Chapters is to be classified under that heading which corresponds to the principal use of that part or accessory.  
4. For the purposes of this Section:  
(a) Vehicles specially constructed to travel on both road and rail are classified under the appropriate heading of Chapter 87;  
(b) Amphibious motor vehicles are classified under the appropriate heading of Chapter 87;  
(c) Aircraft specially constructed so that they can also be used as road vehicles are classified under the appropriate heading of Chapter 88.  
5. Air-cushion vehicles are to be classified within this Section with the vehicles to which they are most akin as follows:  
(a) In Chapter 86 if designed to travel on a guide-track (hovertrains);  
(b) In Chapter 87 if designed to travel over land or over both land and water;  
(c) In Chapter 89 if designed to travel over water, whether or not able to land on beaches or landing-stages or also able to travel over ice.  
Parts and accessories of air-cushion vehicles are to be classified in the same way as those of vehicles of the heading in which the air-cushion vehicles are classified under the above provisions.  
Hovertrain track fixtures and fittings are to be classified as railway track fixtures and fittings, and signalling, safety or traffic control equipment for hovertrain transport systems as signalling, safety or traffic control equipment for railways.  
"
18,PHẦN XVIII,"DỤNG CỤ, THIẾT BỊ VÀ MÁY QUANG HỌC, NHIẾP ẢNH, ĐIỆN ẢNH, ĐO LƯỜNG, KIỂM TRA ĐỘ CHÍNH XÁC, Y TẾ HOẶC PHẪU THUẬT; ĐỒNG HỒ CÁ NHÂN VÀ ĐỒNG HỒ THỜI GIAN KHÁC; NHẠC CỤ; CÁC BỘ PHẬN VÀ PHỤ KIỆN CỦA CHÚNG",,SECTION XVIII,"OPTICAL, PHOTOGRAPHIC, CINEMATOGRAPHIC, MEASURING, CHECKING, PRECISION, MEDICAL OR SURGICAL INSTRUMENTS AND APPARATUS; CLOCKS AND WATCHES; MUSICAL INSTRUMENTS; PARTS AND ACCESSORIES THEREOF",
19,PHẦN XIX,VŨ KHÍ VÀ ĐẠN; CÁC BỘ PHẬN VÀ PHỤ KIỆN CỦA CHÚNG,,SECTION XIX,"ARMS AND AMMUNITION; PARTS
 AND ACCESSORIES THEREOF",
20,PHẦN XX,CÁC MẶT HÀNG KHÁC,,SECTION XX,MISCELLANEOUS MANUFACTURED ARTICLES,
21,PHẦN XXI,"CÁC TÁC PHẨM NGHỆ THUẬT, ĐỒ SƯU TẦM VÀ ĐỒ CỔ",,SECTION XXI,"WORKS OF ART, COLLECTORS’ PIECES AND ANTIQUES",
